Workbook

Sheet Clients
A1: Client ID | B1: Full Name | C1: Phone | D1: Email | E1: Address | F1: Service Requested | G1: Registration Date | H1: Status
A2: C001 | B2: John Smith | C2: ="0"&RANDBETWEEN(60,89)&RANDBETWEEN(1000000,9999999) -> 0818383842 | D2: =LOWER(B2&"."&RANDBETWEEN(1,999)&"@gmail.com") -> john smith.812@gmail.com | E2: {=RANDBETWEEN(1,999)&" "&INDEX({"Main St","Long St","Church St","Nelson Mandela Rd","Market Rd","Stations Rd","Oak Ave","Hillcrest Rd"},RANDBETWEEN(1,8))&","&INDEX({"Johannesburg","Pretoria","Durban","Cape Town","Sowerto","Midrand"},RANDBETWEEN(1,6))} -> 724 Hillcrest Rd,Pretoria | F2: {=INDEX({"Consulting","Training","IT Support","Data Entry","Admin Support","Document Processing","Customer Support"},RANDBETWEEN(1,7))} -> Data Entry | G2: =DATE(2025,1,1)+RANDBETWEEN(0,500) -> 46053 | H2: Active
A3: C002 | B3: Michael Mayers | C3: ="0"&RANDBETWEEN(60,89)&RANDBETWEEN(1000000,9999999) -> 0629937942 | D3: =LOWER(B3&"."&RANDBETWEEN(1,999)&"@gmail.com") -> michael mayers.215@gmail.com | E3: {=RANDBETWEEN(1,999)&" "&INDEX({"Main St","Long St","Church St","Nelson Mandela Rd","Market Rd","Stations Rd","Oak Ave","Hillcrest Rd"},RANDBETWEEN(1,8))&","&INDEX({"Johannesburg","Pretoria","Durban","Cape Town","Sowerto","Midrand"},RANDBETWEEN(1,6))} -> 87 Oak Ave,Cape Town | F3: {=INDEX({"Consulting","Training","IT Support","Data Entry","Admin Support","Document Processing","Customer Support"},RANDBETWEEN(1,7))} -> Customer Support | G3: =DATE(2025,1,1)+RANDBETWEEN(0,500) -> 45730 | H3: Active
A4: C003 | B4: Elizabeth Thanyer | C4: ="0"&RANDBETWEEN(60,89)&RANDBETWEEN(1000000,9999999) -> 0878873863 | D4: =LOWER(B4&"."&RANDBETWEEN(1,999)&"@gmail.com") -> elizabeth thanyer.480@gmail.com | E4: {=RANDBETWEEN(1,999)&" "&INDEX({"Main St","Long St","Church St","Nelson Mandela Rd","Market Rd","Stations Rd","Oak Ave","Hillcrest Rd"},RANDBETWEEN(1,8))&","&INDEX({"Johannesburg","Pretoria","Durban","Cape Town","Sowerto","Midrand"},RANDBETWEEN(1,6))} -> 992 Oak Ave,Cape Town | F4: {=INDEX({"Consulting","Training","IT Support","Data Entry","Admin Support","Document Processing","Customer Support"},RANDBETWEEN(1,7))} -> Training | G4: =DATE(2025,1,1)+RANDBETWEEN(0,500) -> 46146 | H4: Active
A5: C004 | B5: Luyanda Zuma | C5: ="0"&RANDBETWEEN(60,89)&RANDBETWEEN(1000000,9999999) -> 0683721270 | D5: =LOWER(B5&"."&RANDBETWEEN(1,999)&"@gmail.com") -> luyanda zuma.692@gmail.com | E5: {=RANDBETWEEN(1,999)&" "&INDEX({"Main St","Long St","Church St","Nelson Mandela Rd","Market Rd","Stations Rd","Oak Ave","Hillcrest Rd"},RANDBETWEEN(1,8))&","&INDEX({"Johannesburg","Pretoria","Durban","Cape Town","Sowerto","Midrand"},RANDBETWEEN(1,6))} -> 301 Long St,Cape Town | F5: {=INDEX({"Consulting","Training","IT Support","Data Entry","Admin Support","Document Processing","Customer Support"},RANDBETWEEN(1,7))} -> Customer Support | G5: =DATE(2025,1,1)+RANDBETWEEN(0,500) -> 45660 | H5: Active
A6: C005 | B6: Nosiswa Ncele | C6: ="0"&RANDBETWEEN(60,89)&RANDBETWEEN(1000000,9999999) -> 0616670029 | D6: =LOWER(B6&"."&RANDBETWEEN(1,999)&"@gmail.com") -> nosiswa ncele.979@gmail.com | E6: {=RANDBETWEEN(1,999)&" "&INDEX({"Main St","Long St","Church St","Nelson Mandela Rd","Market Rd","Stations Rd","Oak Ave","Hillcrest Rd"},RANDBETWEEN(1,8))&","&INDEX({"Johannesburg","Pretoria","Durban","Cape Town","Sowerto","Midrand"},RANDBETWEEN(1,6))} -> 102 Stations Rd,Pretoria | F6: {=INDEX({"Consulting","Training","IT Support","Data Entry","Admin Support","Document Processing","Customer Support"},RANDBETWEEN(1,7))} -> Admin Support | G6: =DATE(2025,1,1)+RANDBETWEEN(0,500) -> 46142 | H6: Active
A7: C006 | B7: Manqoba Ndlovu | C7: ="0"&RANDBETWEEN(60,89)&RANDBETWEEN(1000000,9999999) -> 0604954855 | D7: =LOWER(B7&"."&RANDBETWEEN(1,999)&"@gmail.com") -> manqoba ndlovu.298@gmail.com | E7: {=RANDBETWEEN(1,999)&" "&INDEX({"Main St","Long St","Church St","Nelson Mandela Rd","Market Rd","Stations Rd","Oak Ave","Hillcrest Rd"},RANDBETWEEN(1,8))&","&INDEX({"Johannesburg","Pretoria","Durban","Cape Town","Sowerto","Midrand"},RANDBETWEEN(1,6))} -> 880 Church St,Johannesburg | F7: {=INDEX({"Consulting","Training","IT Support","Data Entry","Admin Support","Document Processing","Customer Support"},RANDBETWEEN(1,7))} -> IT Support | G7: =DATE(2025,1,1)+RANDBETWEEN(0,500) -> 45876 | H7: Active
A8: C007 | B8: Andrea Speelman | C8: ="0"&RANDBETWEEN(60,89)&RANDBETWEEN(1000000,9999999) -> 0712060020 | D8: =LOWER(B8&"."&RANDBETWEEN(1,999)&"@gmail.com") -> andrea speelman.799@gmail.com | E8: {=RANDBETWEEN(1,999)&" "&INDEX({"Main St","Long St","Church St","Nelson Mandela Rd","Market Rd","Stations Rd","Oak Ave","Hillcrest Rd"},RANDBETWEEN(1,8))&","&INDEX({"Johannesburg","Pretoria","Durban","Cape Town","Sowerto","Midrand"},RANDBETWEEN(1,6))} -> 122 Hillcrest Rd,Johannesburg | F8: {=INDEX({"Consulting","Training","IT Support","Data Entry","Admin Support","Document Processing","Customer Support"},RANDBETWEEN(1,7))} -> Admin Support | G8: =DATE(2025,1,1)+RANDBETWEEN(0,500) -> 45857 | H8: Active
A9: C008 | B9: Andrew Noah | C9: ="0"&RANDBETWEEN(60,89)&RANDBETWEEN(1000000,9999999) -> 0883064254 | D9: =LOWER(B9&"."&RANDBETWEEN(1,999)&"@gmail.com") -> andrew noah.163@gmail.com | E9: {=RANDBETWEEN(1,999)&" "&INDEX({"Main St","Long St","Church St","Nelson Mandela Rd","Market Rd","Stations Rd","Oak Ave","Hillcrest Rd"},RANDBETWEEN(1,8))&","&INDEX({"Johannesburg","Pretoria","Durban","Cape Town","Sowerto","Midrand"},RANDBETWEEN(1,6))} -> 674 Oak Ave,Cape Town | F9: {=INDEX({"Consulting","Training","IT Support","Data Entry","Admin Support","Document Processing","Customer Support"},RANDBETWEEN(1,7))} -> IT Support | G9: =DATE(2025,1,1)+RANDBETWEEN(0,500) -> 46050 | H9: Active
A10: C009 | B10: Peter Peniel | C10: ="0"&RANDBETWEEN(60,89)&RANDBETWEEN(1000000,9999999) -> 0801411768 | D10: =LOWER(B10&"."&RANDBETWEEN(1,999)&"@gmail.com") -> peter peniel.701@gmail.com | E10: {=RANDBETWEEN(1,999)&" "&INDEX({"Main St","Long St","Church St","Nelson Mandela Rd","Market Rd","Stations Rd","Oak Ave","Hillcrest Rd"},RANDBETWEEN(1,8))&","&INDEX({"Johannesburg","Pretoria","Durban","Cape Town","Sowerto","Midrand"},RANDBETWEEN(1,6))} -> 409 Long St,Cape Town | F10: {=INDEX({"Consulting","Training","IT Support","Data Entry","Admin Support","Document Processing","Customer Support"},RANDBETWEEN(1,7))} -> Customer Support | G10: =DATE(2025,1,1)+RANDBETWEEN(0,500) -> 45691 | H10: Active
A11: C010 | B11: Linda Evere | C11: ="0"&RANDBETWEEN(60,89)&RANDBETWEEN(1000000,9999999) -> 0632459236 | D11: =LOWER(B11&"."&RANDBETWEEN(1,999)&"@gmail.com") -> linda evere.593@gmail.com | E11: {=RANDBETWEEN(1,999)&" "&INDEX({"Main St","Long St","Church St","Nelson Mandela Rd","Market Rd","Stations Rd","Oak Ave","Hillcrest Rd"},RANDBETWEEN(1,8))&","&INDEX({"Johannesburg","Pretoria","Durban","Cape Town","Sowerto","Midrand"},RANDBETWEEN(1,6))} -> 355 Main St,Durban | F11: {=INDEX({"Consulting","Training","IT Support","Data Entry","Admin Support","Document Processing","Customer Support"},RANDBETWEEN(1,7))} -> Training | G11: =DATE(2025,1,1)+RANDBETWEEN(0,500) -> 45692 | H11: Active
A12: C011 | B12: Coana Mende | C12: ="0"&RANDBETWEEN(60,89)&RANDBETWEEN(1000000,9999999) -> 0601259249 | D12: =LOWER(B12&"."&RANDBETWEEN(1,999)&"@gmail.com") -> coana mende.579@gmail.com | E12: {=RANDBETWEEN(1,999)&" "&INDEX({"Main St","Long St","Church St","Nelson Mandela Rd","Market Rd","Stations Rd","Oak Ave","Hillcrest Rd"},RANDBETWEEN(1,8))&","&INDEX({"Johannesburg","Pretoria","Durban","Cape Town","Sowerto","Midrand"},RANDBETWEEN(1,6))} -> 83 Main St,Durban | F12: {=INDEX({"Consulting","Training","IT Support","Data Entry","Admin Support","Document Processing","Customer Support"},RANDBETWEEN(1,7))} -> Training | G12: =DATE(2025,1,1)+RANDBETWEEN(0,500) -> 45739 | H12: Inactive
A13: C012 | B13: Bobby Carter | C13: ="0"&RANDBETWEEN(60,89)&RANDBETWEEN(1000000,9999999) -> 0842880014 | D13: =LOWER(B13&"."&RANDBETWEEN(1,999)&"@gmail.com") -> bobby carter.774@gmail.com | E13: {=RANDBETWEEN(1,999)&" "&INDEX({"Main St","Long St","Church St","Nelson Mandela Rd","Market Rd","Stations Rd","Oak Ave","Hillcrest Rd"},RANDBETWEEN(1,8))&","&INDEX({"Johannesburg","Pretoria","Durban","Cape Town","Sowerto","Midrand"},RANDBETWEEN(1,6))} -> 419 Main St,Durban | F13: {=INDEX({"Consulting","Training","IT Support","Data Entry","Admin Support","Document Processing","Customer Support"},RANDBETWEEN(1,7))} -> IT Support | G13: =DATE(2025,1,1)+RANDBETWEEN(0,500) -> 45694 | H13: Inactive
... A31: C030 | B31: Sandy Cain | C31: ="0"&RANDBETWEEN(60,89)&RANDBETWEEN(1000000,9999999) -> 0756140977 | D31: =LOWER(B31&"."&RANDBETWEEN(1,999)&"@gmail.com") -> sandy cain.967@gmail.com | E31: {=RANDBETWEEN(1,999)&" "&INDEX({"Main St","Long St","Church St","Nelson Mandela Rd","Market Rd","Stations Rd","Oak Ave","Hillcrest Rd"},RANDBETWEEN(1,8))&","&INDEX({"Johannesburg","Pretoria","Durban","Cape Town","Sowerto","Midrand"},RANDBETWEEN(1,6))} -> 303 Long St,Pretoria | F31: {=INDEX({"Consulting","Training","IT Support","Data Entry","Admin Support","Document Processing","Customer Support"},RANDBETWEEN(1,7))} -> Admin Support | G31: =DATE(2025,1,1)+RANDBETWEEN(0,500) -> 46002 | H31: Active

Sheet Invoices
A1: Invoices ID | B1: Client ID | C1: Client Name | D1: Amount | E1: Invoice Date | F1: Payment Status
A2: INV001 | B2: ="C"&TEXT(RANDBETWEEN(1,30),"000") -> C018 | C2: =VLOOKUP(B2,Clients!A:B,2,FALSE) -> Christopher Chester | D2: =RANDBETWEEN(500,15000) -> 10568 | E2: =DATE(2025,1,1)+RANDBETWEEN(0,500) -> 46069 | F2: {=INDEX({"Paid","Pending","Overdue"},RANDBETWEEN(1,3))} -> Overdue
A3: INV002 | B3: ="C"&TEXT(RANDBETWEEN(1,30),"000") -> C006 | C3: =VLOOKUP(B3,Clients!A:B,2,FALSE) -> Manqoba Ndlovu | D3: =RANDBETWEEN(500,15000) -> 5565 | E3: =DATE(2025,1,1)+RANDBETWEEN(0,500) -> 46015 | F3: {=INDEX({"Paid","Pending","Overdue"},RANDBETWEEN(1,3))} -> Overdue
A4: INV003 | B4: ="C"&TEXT(RANDBETWEEN(1,30),"000") -> C025 | C4: =VLOOKUP(B4,Clients!A:B,2,FALSE) -> Lungelo Cele | D4: =RANDBETWEEN(500,15000) -> 5535 | E4: =DATE(2025,1,1)+RANDBETWEEN(0,500) -> 45789 | F4: {=INDEX({"Paid","Pending","Overdue"},RANDBETWEEN(1,3))} -> Pending
A5: INV004 | B5: ="C"&TEXT(RANDBETWEEN(1,30),"000") -> C013 | C5: =VLOOKUP(B5,Clients!A:B,2,FALSE) -> Jude Beter | D5: =RANDBETWEEN(500,15000) -> 12105 | E5: =DATE(2025,1,1)+RANDBETWEEN(0,500) -> 45941 | F5: {=INDEX({"Paid","Pending","Overdue"},RANDBETWEEN(1,3))} -> Pending
A6: INV005 | B6: ="C"&TEXT(RANDBETWEEN(1,30),"000") -> C009 | C6: =VLOOKUP(B6,Clients!A:B,2,FALSE) -> Peter Peniel | D6: =RANDBETWEEN(500,15000) -> 2567 | E6: =DATE(2025,1,1)+RANDBETWEEN(0,500) -> 45702 | F6: {=INDEX({"Paid","Pending","Overdue"},RANDBETWEEN(1,3))} -> Overdue
A7: INV006 | B7: ="C"&TEXT(RANDBETWEEN(1,30),"000") -> C013 | C7: =VLOOKUP(B7,Clients!A:B,2,FALSE) -> Jude Beter | D7: =RANDBETWEEN(500,15000) -> 904 | E7: =DATE(2025,1,1)+RANDBETWEEN(0,500) -> 45808 | F7: {=INDEX({"Paid","Pending","Overdue"},RANDBETWEEN(1,3))} -> Pending
A8: INV007 | B8: ="C"&TEXT(RANDBETWEEN(1,30),"000") -> C004 | C8: =VLOOKUP(B8,Clients!A:B,2,FALSE) -> Luyanda Zuma | D8: =RANDBETWEEN(500,15000) -> 7934 | E8: =DATE(2025,1,1)+RANDBETWEEN(0,500) -> 45999 | F8: {=INDEX({"Paid","Pending","Overdue"},RANDBETWEEN(1,3))} -> Paid
A9: INV008 | B9: ="C"&TEXT(RANDBETWEEN(1,30),"000") -> C015 | C9: =VLOOKUP(B9,Clients!A:B,2,FALSE) -> Vusi Sibiya | D9: =RANDBETWEEN(500,15000) -> 14104 | E9: =DATE(2025,1,1)+RANDBETWEEN(0,500) -> 46015 | F9: {=INDEX({"Paid","Pending","Overdue"},RANDBETWEEN(1,3))} -> Pending
A10: INV009 | B10: ="C"&TEXT(RANDBETWEEN(1,30),"000") -> C024 | C10: =VLOOKUP(B10,Clients!A:B,2,FALSE) -> Akona Dube | D10: =RANDBETWEEN(500,15000) -> 3987 | E10: =DATE(2025,1,1)+RANDBETWEEN(0,500) -> 45951 | F10: {=INDEX({"Paid","Pending","Overdue"},RANDBETWEEN(1,3))} -> Overdue
A11: INV010 | B11: ="C"&TEXT(RANDBETWEEN(1,30),"000") -> C005 | C11: =VLOOKUP(B11,Clients!A:B,2,FALSE) -> Nosiswa Ncele | D11: =RANDBETWEEN(500,15000) -> 12093 | E11: =DATE(2025,1,1)+RANDBETWEEN(0,500) -> 45880 | F11: {=INDEX({"Paid","Pending","Overdue"},RANDBETWEEN(1,3))} -> Paid
A12: INV011 | B12: ="C"&TEXT(RANDBETWEEN(1,30),"000") -> C010 | C12: =VLOOKUP(B12,Clients!A:B,2,FALSE) -> Linda Evere | D12: =RANDBETWEEN(500,15000) -> 4637 | E12: =DATE(2025,1,1)+RANDBETWEEN(0,500) -> 45774 | F12: {=INDEX({"Paid","Pending","Overdue"},RANDBETWEEN(1,3))} -> Paid
A13: INV012 | B13: ="C"&TEXT(RANDBETWEEN(1,30),"000") -> C010 | C13: =VLOOKUP(B13,Clients!A:B,2,FALSE) -> Linda Evere | D13: =RANDBETWEEN(500,15000) -> 5330 | E13: =DATE(2025,1,1)+RANDBETWEEN(0,500) -> 46026 | F13: {=INDEX({"Paid","Pending","Overdue"},RANDBETWEEN(1,3))} -> Overdue
... A41: INV040 | B41: ="C"&TEXT(RANDBETWEEN(1,30),"000") -> C007 | C41: =VLOOKUP(B41,Clients!A:B,2,FALSE) -> Andrea Speelman | D41: =RANDBETWEEN(500,15000) -> 4947 | E41: =DATE(2025,1,1)+RANDBETWEEN(0,500) -> 46058 | F41: {=INDEX({"Paid","Pending","Overdue"},RANDBETWEEN(1,3))} -> Overdue

Sheet Appointments
A1: Appointment ID | B1: Client ID | C1: Date | D1: Time | E1: Staff Member | F1: Status
A2: ="APT"&TEXT(ROW(A1),"000") -> APT001 | B2: ="C"&TEXT(RANDBETWEEN(1,30),"000") -> C020 | C2: =TODAY()+RANDBETWEEN(-30,60) -> 46153 | D2: =TIME(RANDBETWEEN(8,16),CHOOSE(RANDBETWEEN(1,4),0,15,30,45),0) -> 0.52083333 | E2: {=INDEX({"Sarah","James","Thabo","Lerato","Michael","Ayanda"},RANDBETWEEN(1,6))} -> Lerato | F2: {=INDEX({"Scheduled","Completed","Cancelled"},RANDBETWEEN(1,3))} -> Scheduled
A3: ="APT"&TEXT(ROW(A2),"000") -> APT002 | B3: ="C"&TEXT(RANDBETWEEN(1,30),"000") -> C004 | C3: =TODAY()+RANDBETWEEN(-30,60) -> 46172 | D3: =TIME(RANDBETWEEN(8,16),CHOOSE(RANDBETWEEN(1,4),0,15,30,45),0) -> 0.61458333 | E3: {=INDEX({"Sarah","James","Thabo","Lerato","Michael","Ayanda"},RANDBETWEEN(1,6))} -> Lerato | F3: {=INDEX({"Scheduled","Completed","Cancelled"},RANDBETWEEN(1,3))} -> Completed
A4: ="APT"&TEXT(ROW(A3),"000") -> APT003 | B4: ="C"&TEXT(RANDBETWEEN(1,30),"000") -> C018 | C4: =TODAY()+RANDBETWEEN(-30,60) -> 46163 | D4: =TIME(RANDBETWEEN(8,16),CHOOSE(RANDBETWEEN(1,4),0,15,30,45),0) -> 0.38541667 | E4: {=INDEX({"Sarah","James","Thabo","Lerato","Michael","Ayanda"},RANDBETWEEN(1,6))} -> Thabo | F4: {=INDEX({"Scheduled","Completed","Cancelled"},RANDBETWEEN(1,3))} -> Cancelled
A5: ="APT"&TEXT(ROW(A4),"000") -> APT004 | B5: ="C"&TEXT(RANDBETWEEN(1,30),"000") -> C009 | C5: =TODAY()+RANDBETWEEN(-30,60) -> 46222 | D5: =TIME(RANDBETWEEN(8,16),CHOOSE(RANDBETWEEN(1,4),0,15,30,45),0) -> 0.40625 | E5: {=INDEX({"Sarah","James","Thabo","Lerato","Michael","Ayanda"},RANDBETWEEN(1,6))} -> Ayanda | F5: {=INDEX({"Scheduled","Completed","Cancelled"},RANDBETWEEN(1,3))} -> Cancelled
A6: ="APT"&TEXT(ROW(A5),"000") -> APT005 | B6: ="C"&TEXT(RANDBETWEEN(1,30),"000") -> C014 | C6: =TODAY()+RANDBETWEEN(-30,60) -> 46174 | D6: =TIME(RANDBETWEEN(8,16),CHOOSE(RANDBETWEEN(1,4),0,15,30,45),0) -> 0.36458333 | E6: {=INDEX({"Sarah","James","Thabo","Lerato","Michael","Ayanda"},RANDBETWEEN(1,6))} -> James | F6: {=INDEX({"Scheduled","Completed","Cancelled"},RANDBETWEEN(1,3))} -> Cancelled
A7: ="APT"&TEXT(ROW(A6),"000") -> APT006 | B7: ="C"&TEXT(RANDBETWEEN(1,30),"000") -> C029 | C7: =TODAY()+RANDBETWEEN(-30,60) -> 46212 | D7: =TIME(RANDBETWEEN(8,16),CHOOSE(RANDBETWEEN(1,4),0,15,30,45),0) -> 0.64583333 | E7: {=INDEX({"Sarah","James","Thabo","Lerato","Michael","Ayanda"},RANDBETWEEN(1,6))} -> James | F7: {=INDEX({"Scheduled","Completed","Cancelled"},RANDBETWEEN(1,3))} -> Cancelled
A8: ="APT"&TEXT(ROW(A7),"000") -> APT007 | B8: ="C"&TEXT(RANDBETWEEN(1,30),"000") -> C001 | C8: =TODAY()+RANDBETWEEN(-30,60) -> 46161 | D8: =TIME(RANDBETWEEN(8,16),CHOOSE(RANDBETWEEN(1,4),0,15,30,45),0) -> 0.51041667 | E8: {=INDEX({"Sarah","James","Thabo","Lerato","Michael","Ayanda"},RANDBETWEEN(1,6))} -> Thabo | F8: {=INDEX({"Scheduled","Completed","Cancelled"},RANDBETWEEN(1,3))} -> Completed
A9: ="APT"&TEXT(ROW(A8),"000") -> APT008 | B9: ="C"&TEXT(RANDBETWEEN(1,30),"000") -> C002 | C9: =TODAY()+RANDBETWEEN(-30,60) -> 46154 | D9: =TIME(RANDBETWEEN(8,16),CHOOSE(RANDBETWEEN(1,4),0,15,30,45),0) -> 0.41666667 | E9: {=INDEX({"Sarah","James","Thabo","Lerato","Michael","Ayanda"},RANDBETWEEN(1,6))} -> Thabo | F9: {=INDEX({"Scheduled","Completed","Cancelled"},RANDBETWEEN(1,3))} -> Scheduled
A10: ="APT"&TEXT(ROW(A9),"000") -> APT009 | B10: ="C"&TEXT(RANDBETWEEN(1,30),"000") -> C011 | C10: =TODAY()+RANDBETWEEN(-30,60) -> 46191 | D10: =TIME(RANDBETWEEN(8,16),CHOOSE(RANDBETWEEN(1,4),0,15,30,45),0) -> 0.6875 | E10: {=INDEX({"Sarah","James","Thabo","Lerato","Michael","Ayanda"},RANDBETWEEN(1,6))} -> Sarah | F10: {=INDEX({"Scheduled","Completed","Cancelled"},RANDBETWEEN(1,3))} -> Cancelled
A11: ="APT"&TEXT(ROW(A10),"000") -> APT010 | B11: ="C"&TEXT(RANDBETWEEN(1,30),"000") -> C006 | C11: =TODAY()+RANDBETWEEN(-30,60) -> 46216 | D11: =TIME(RANDBETWEEN(8,16),CHOOSE(RANDBETWEEN(1,4),0,15,30,45),0) -> 0.44791667 | E11: {=INDEX({"Sarah","James","Thabo","Lerato","Michael","Ayanda"},RANDBETWEEN(1,6))} -> Ayanda | F11: {=INDEX({"Scheduled","Completed","Cancelled"},RANDBETWEEN(1,3))} -> Scheduled
A12: ="APT"&TEXT(ROW(A11),"000") -> APT011 | B12: ="C"&TEXT(RANDBETWEEN(1,30),"000") -> C001 | C12: =TODAY()+RANDBETWEEN(-30,60) -> 46201 | D12: =TIME(RANDBETWEEN(8,16),CHOOSE(RANDBETWEEN(1,4),0,15,30,45),0) -> 0.39583333 | E12: {=INDEX({"Sarah","James","Thabo","Lerato","Michael","Ayanda"},RANDBETWEEN(1,6))} -> Michael | F12: {=INDEX({"Scheduled","Completed","Cancelled"},RANDBETWEEN(1,3))} -> Cancelled
A13: ="APT"&TEXT(ROW(A12),"000") -> APT012 | B13: ="C"&TEXT(RANDBETWEEN(1,30),"000") -> C022 | C13: =TODAY()+RANDBETWEEN(-30,60) -> 46195 | D13: =TIME(RANDBETWEEN(8,16),CHOOSE(RANDBETWEEN(1,4),0,15,30,45),0) -> 0.53125 | E13: {=INDEX({"Sarah","James","Thabo","Lerato","Michael","Ayanda"},RANDBETWEEN(1,6))} -> Thabo | F13: {=INDEX({"Scheduled","Completed","Cancelled"},RANDBETWEEN(1,3))} -> Completed
... A26: ="APT"&TEXT(ROW(A25),"000") -> APT025 | B26: ="C"&TEXT(RANDBETWEEN(1,30),"000") -> C024 | C26: =TODAY()+RANDBETWEEN(-30,60) -> 46193 | D26: =TIME(RANDBETWEEN(8,16),CHOOSE(RANDBETWEEN(1,4),0,15,30,45),0) -> 0.61458333 | E26: {=INDEX({"Sarah","James","Thabo","Lerato","Michael","Ayanda"},RANDBETWEEN(1,6))} -> Lerato | F26: {=INDEX({"Scheduled","Completed","Cancelled"},RANDBETWEEN(1,3))} -> Scheduled

Sheet Employees
A1: Employee ID | B1: Name | C1: Department | D1: Email | E1: Leave Days Remaining | F1: Status
A2: ="EMP"&TEXT(ROW(A1),"000") -> EMP001 | B2: {=INDEX({"Sarah Smith","James Brown","Lerato Nkosi","Michael Adams","Ayanda Dube","David Jones","Thabo Mokoena","Stephan Holland"},ROWS($2:2))} -> Sarah Smith | C2: {=INDEX({"HR","Finance","Admin","Operations","Support"},RANDBETWEEN(1,5))} -> Finance | D2: =LOWER(SUBSTITUTE(B2," ",".")&"@BrightPath.co.za") -> sarah.smith@brightpath.co.za | E2: =RANDBETWEEN(0,25)&" days" -> 0 days | F2: Active
A3: ="EMP"&TEXT(ROW(A2),"000") -> EMP002 | B3: {=INDEX({"Sarah Smith","James Brown","Lerato Nkosi","Michael Adams","Ayanda Dube","David Jones","Thabo Mokoena","Stephan Holland"},ROWS($2:3))} -> James Brown | C3: {=INDEX({"HR","Finance","Admin","Operations","Support"},RANDBETWEEN(1,5))} -> Operations | D3: =LOWER(SUBSTITUTE(B3," ",".")&"@BrightPath.co.za") -> james.brown@brightpath.co.za | E3: =RANDBETWEEN(0,25)&" days" -> 11 days | F3: Active
A4: ="EMP"&TEXT(ROW(A3),"000") -> EMP003 | B4: {=INDEX({"Sarah Smith","James Brown","Lerato Nkosi","Michael Adams","Ayanda Dube","David Jones","Thabo Mokoena","Stephan Holland"},ROWS($2:4))} -> Lerato Nkosi | C4: {=INDEX({"HR","Finance","Admin","Operations","Support"},RANDBETWEEN(1,5))} -> Finance | D4: =LOWER(SUBSTITUTE(B4," ",".")&"@BrightPath.co.za") -> lerato.nkosi@brightpath.co.za | E4: =RANDBETWEEN(0,25)&" days" -> 25 days | F4: Active
A5: ="EMP"&TEXT(ROW(A4),"000") -> EMP004 | B5: {=INDEX({"Sarah Smith","James Brown","Lerato Nkosi","Michael Adams","Ayanda Dube","David Jones","Thabo Mokoena","Stephan Holland"},ROWS($2:5))} -> Michael Adams | C5: {=INDEX({"HR","Finance","Admin","Operations","Support"},RANDBETWEEN(1,5))} -> Operations | D5: =LOWER(SUBSTITUTE(B5," ",".")&"@BrightPath.co.za") -> michael.adams@brightpath.co.za | E5: =RANDBETWEEN(0,25)&" days" -> 8 days | F5: Active
A6: ="EMP"&TEXT(ROW(A5),"000") -> EMP005 | B6: {=INDEX({"Sarah Smith","James Brown","Lerato Nkosi","Michael Adams","Ayanda Dube","David Jones","Thabo Mokoena","Stephan Holland"},ROWS($2:6))} -> Ayanda Dube | C6: {=INDEX({"HR","Finance","Admin","Operations","Support"},RANDBETWEEN(1,5))} -> Admin | D6: =LOWER(SUBSTITUTE(B6," ",".")&"@BrightPath.co.za") -> ayanda.dube@brightpath.co.za | E6: =RANDBETWEEN(0,25)&" days" -> 7 days | F6: Active
A7: ="EMP"&TEXT(ROW(A6),"000") -> EMP006 | B7: {=INDEX({"Sarah Smith","James Brown","Lerato Nkosi","Michael Adams","Ayanda Dube","David Jones","Thabo Mokoena","Stephan Holland"},ROWS($2:7))} -> David Jones | C7: {=INDEX({"HR","Finance","Admin","Operations","Support"},RANDBETWEEN(1,5))} -> Operations | D7: =LOWER(SUBSTITUTE(B7," ",".")&"@BrightPath.co.za") -> david.jones@brightpath.co.za | E7: =RANDBETWEEN(0,25)&" days" -> 25 days | F7: On Leave
A8: ="EMP"&TEXT(ROW(A7),"000") -> EMP007 | B8: {=INDEX({"Sarah Smith","James Brown","Lerato Nkosi","Michael Adams","Ayanda Dube","David Jones","Thabo Mokoena","Stephan Holland"},ROWS($2:8))} -> Thabo Mokoena | C8: {=INDEX({"HR","Finance","Admin","Operations","Support"},RANDBETWEEN(1,5))} -> HR | D8: =LOWER(SUBSTITUTE(B8," ",".")&"@BrightPath.co.za") -> thabo.mokoena@brightpath.co.za | E8: =RANDBETWEEN(0,25)&" days" -> 21 days | F8: Active
A9: ="EMP"&TEXT(ROW(A8),"000") -> EMP008 | B9: {=INDEX({"Sarah Smith","James Brown","Lerato Nkosi","Michael Adams","Ayanda Dube","David Jones","Thabo Mokoena","Stephan Holland"},ROWS($2:9))} -> Stephan Holland | C9: {=INDEX({"HR","Finance","Admin","Operations","Support"},RANDBETWEEN(1,5))} -> Admin | D9: =LOWER(SUBSTITUTE(B9," ",".")&"@BrightPath.co.za") -> stephan.holland@brightpath.co.za | E9: =RANDBETWEEN(0,25)&" days" -> 14 days | F9: Terminated

Sheet Error_Log
A1: Error ID | B1: Problem | C1: Record Affected | D1: Correction Made | E1: Date
A2: ="ERR"&TEXT(ROW(A1),"000") -> ERR001 | B2: {=INDEX({"Incorrect Date","Invalid Phone Number","Incomplete Record"},RANDBETWEEN(1,3))} -> Incomplete Record | C2: ="C"&TEXT(RANDBETWEEN(1,30),"000") -> C020 | D2: =IF(B2="Incomplete Record","Completed Missing Information",IF(B2="Incorrect Date","Corrected Date Format",IF(B2="Invalid Phone Number","Updated Phone Number"," "))) -> Completed Missing Information | E2: =TODAY()-RANDBETWEEN(1,60) -> 46167
A3: ="ERR"&TEXT(ROW(A2),"000") -> ERR002 | B3: {=INDEX({"Incorrect Date","Invalid Phone Number","Incomplete Record"},RANDBETWEEN(1,3))} -> Incomplete Record | C3: ="C"&TEXT(RANDBETWEEN(1,30),"000") -> C020 | D3: =IF(B3="Incomplete Record","Completed Missing Information",IF(B3="Incorrect Date","Corrected Date Format",IF(B3="Invalid Phone Number","Updated Phone Number"," "))) -> Completed Missing Information | E3: =TODAY()-RANDBETWEEN(1,60) -> 46153
A4: ="ERR"&TEXT(ROW(A3),"000") -> ERR003 | B4: {=INDEX({"Incorrect Date","Invalid Phone Number","Incomplete Record"},RANDBETWEEN(1,3))} -> Incomplete Record | C4: ="C"&TEXT(RANDBETWEEN(1,30),"000") -> C020 | D4: =IF(B4="Incomplete Record","Completed Missing Information",IF(B4="Incorrect Date","Corrected Date Format",IF(B4="Invalid Phone Number","Updated Phone Number"," "))) -> Completed Missing Information | E4: =TODAY()-RANDBETWEEN(1,60) -> 46163
A5: ="ERR"&TEXT(ROW(A4),"000") -> ERR004 | B5: {=INDEX({"Incorrect Date","Invalid Phone Number","Incomplete Record"},RANDBETWEEN(1,3))} -> Incorrect Date | C5: ="C"&TEXT(RANDBETWEEN(1,30),"000") -> C011 | D5: =IF(B5="Incomplete Record","Completed Missing Information",IF(B5="Incorrect Date","Corrected Date Format",IF(B5="Invalid Phone Number","Updated Phone Number"," "))) -> Corrected Date Format | E5: =TODAY()-RANDBETWEEN(1,60) -> 46156
A6: ="ERR"&TEXT(ROW(A5),"000") -> ERR005 | B6: {=INDEX({"Incorrect Date","Invalid Phone Number","Incomplete Record"},RANDBETWEEN(1,3))} -> Invalid Phone Number | C6: ="C"&TEXT(RANDBETWEEN(1,30),"000") -> C024 | D6: =IF(B6="Incomplete Record","Completed Missing Information",IF(B6="Incorrect Date","Corrected Date Format",IF(B6="Invalid Phone Number","Updated Phone Number"," "))) -> Updated Phone Number | E6: =TODAY()-RANDBETWEEN(1,60) -> 46139
A7: ="ERR"&TEXT(ROW(A6),"000") -> ERR006 | B7: {=INDEX({"Incorrect Date","Invalid Phone Number","Incomplete Record"},RANDBETWEEN(1,3))} -> Incorrect Date | C7: ="C"&TEXT(RANDBETWEEN(1,30),"000") -> C027 | D7: =IF(B7="Incomplete Record","Completed Missing Information",IF(B7="Incorrect Date","Corrected Date Format",IF(B7="Invalid Phone Number","Updated Phone Number"," "))) -> Corrected Date Format | E7: =TODAY()-RANDBETWEEN(1,60) -> 46124
A8: ="ERR"&TEXT(ROW(A7),"000") -> ERR007 | B8: {=INDEX({"Incorrect Date","Invalid Phone Number","Incomplete Record"},RANDBETWEEN(1,3))} -> Incorrect Date | C8: ="C"&TEXT(RANDBETWEEN(1,30),"000") -> C019 | D8: =IF(B8="Incomplete Record","Completed Missing Information",IF(B8="Incorrect Date","Corrected Date Format",IF(B8="Invalid Phone Number","Updated Phone Number"," "))) -> Corrected Date Format | E8: =TODAY()-RANDBETWEEN(1,60) -> 46141
A9: ="ERR"&TEXT(ROW(A8),"000") -> ERR008 | B9: {=INDEX({"Incorrect Date","Invalid Phone Number","Incomplete Record"},RANDBETWEEN(1,3))} -> Incorrect Date | C9: ="C"&TEXT(RANDBETWEEN(1,30),"000") -> C007 | D9: =IF(B9="Incomplete Record","Completed Missing Information",IF(B9="Incorrect Date","Corrected Date Format",IF(B9="Invalid Phone Number","Updated Phone Number"," "))) -> Corrected Date Format | E9: =TODAY()-RANDBETWEEN(1,60) -> 46165
A10: ="ERR"&TEXT(ROW(A9),"000") -> ERR009 | B10: {=INDEX({"Incorrect Date","Invalid Phone Number","Incomplete Record"},RANDBETWEEN(1,3))} -> Incorrect Date | C10: ="C"&TEXT(RANDBETWEEN(1,30),"000") -> C003 | D10: =IF(B10="Incomplete Record","Completed Missing Information",IF(B10="Incorrect Date","Corrected Date Format",IF(B10="Invalid Phone Number","Updated Phone Number"," "))) -> Corrected Date Format | E10: =TODAY()-RANDBETWEEN(1,60) -> 46156
A11: ="ERR"&TEXT(ROW(A10),"000") -> ERR010 | B11: {=INDEX({"Incorrect Date","Invalid Phone Number","Incomplete Record"},RANDBETWEEN(1,3))} -> Incomplete Record | C11: ="C"&TEXT(RANDBETWEEN(1,30),"000") -> C023 | D11: =IF(B11="Incomplete Record","Completed Missing Information",IF(B11="Incorrect Date","Corrected Date Format",IF(B11="Invalid Phone Number","Updated Phone Number"," "))) -> Completed Missing Information | E11: =TODAY()-RANDBETWEEN(1,60) -> 46163

Sheet Archive_Log
A1: Archive ID | B1: Record Type | C1: Record ID | D1: Archive Date | E1: Reason
A2: ="ARC"&TEXT(ROW(A1),"000") -> ARC001 | B2: {=INDEX({"Invoice","Appointment","Client Record","Employee File"},RANDBETWEEN(1,4))} -> Employee File | C2: =IF(B2="Appointment","APT",IF(B2="Employee File","EMP",IF(B2="Client Record","C",IF(B2="Invoice","INV"," ")))) -> EMP | D2: =TODAY()-RANDBETWEEN(30,365) -> 45882 | E2: {=INDEX({"Completed","Inactive","Expired","Closed Case","Old Record"},RANDBETWEEN(1,5))} -> Completed
A3: ="ARC"&TEXT(ROW(A2),"000") -> ARC002 | B3: {=INDEX({"Invoice","Appointment","Client Record","Employee File"},RANDBETWEEN(1,4))} -> Employee File | C3: =IF(B3="Appointment","APT",IF(B3="Employee File","EMP",IF(B3="Client Record","C",IF(B3="Invoice","INV"," ")))) -> EMP | D3: =TODAY()-RANDBETWEEN(30,365) -> 45951 | E3: {=INDEX({"Completed","Inactive","Expired","Closed Case","Old Record"},RANDBETWEEN(1,5))} -> Old Record
A4: ="ARC"&TEXT(ROW(A3),"000") -> ARC003 | B4: {=INDEX({"Invoice","Appointment","Client Record","Employee File"},RANDBETWEEN(1,4))} -> Employee File | C4: =IF(B4="Appointment","APT",IF(B4="Employee File","EMP",IF(B4="Client Record","C",IF(B4="Invoice","INV"," ")))) -> EMP | D4: =TODAY()-RANDBETWEEN(30,365) -> 46035 | E4: {=INDEX({"Completed","Inactive","Expired","Closed Case","Old Record"},RANDBETWEEN(1,5))} -> Old Record
A5: ="ARC"&TEXT(ROW(A4),"000") -> ARC004 | B5: {=INDEX({"Invoice","Appointment","Client Record","Employee File"},RANDBETWEEN(1,4))} -> Invoice | C5: =IF(B5="Appointment","APT",IF(B5="Employee File","EMP",IF(B5="Client Record","C",IF(B5="Invoice","INV"," ")))) -> INV | D5: =TODAY()-RANDBETWEEN(30,365) -> 45986 | E5: {=INDEX({"Completed","Inactive","Expired","Closed Case","Old Record"},RANDBETWEEN(1,5))} -> Old Record
A6: ="ARC"&TEXT(ROW(A5),"000") -> ARC005 | B6: {=INDEX({"Invoice","Appointment","Client Record","Employee File"},RANDBETWEEN(1,4))} -> Employee File | C6: =IF(B6="Appointment","APT",IF(B6="Employee File","EMP",IF(B6="Client Record","C",IF(B6="Invoice","INV"," ")))) -> EMP | D6: =TODAY()-RANDBETWEEN(30,365) -> 46044 | E6: {=INDEX({"Completed","Inactive","Expired","Closed Case","Old Record"},RANDBETWEEN(1,5))} -> Inactive
A7: ="ARC"&TEXT(ROW(A6),"000") -> ARC006 | B7: {=INDEX({"Invoice","Appointment","Client Record","Employee File"},RANDBETWEEN(1,4))} -> Invoice | C7: =IF(B7="Appointment","APT",IF(B7="Employee File","EMP",IF(B7="Client Record","C",IF(B7="Invoice","INV"," ")))) -> INV | D7: =TODAY()-RANDBETWEEN(30,365) -> 46057 | E7: {=INDEX({"Completed","Inactive","Expired","Closed Case","Old Record"},RANDBETWEEN(1,5))} -> Completed
A8: ="ARC"&TEXT(ROW(A7),"000") -> ARC007 | B8: {=INDEX({"Invoice","Appointment","Client Record","Employee File"},RANDBETWEEN(1,4))} -> Client Record | C8: =IF(B8="Appointment","APT",IF(B8="Employee File","EMP",IF(B8="Client Record","C",IF(B8="Invoice","INV"," ")))) -> C | D8: =TODAY()-RANDBETWEEN(30,365) -> 46082 | E8: {=INDEX({"Completed","Inactive","Expired","Closed Case","Old Record"},RANDBETWEEN(1,5))} -> Closed Case
A9: ="ARC"&TEXT(ROW(A8),"000") -> ARC008 | B9: {=INDEX({"Invoice","Appointment","Client Record","Employee File"},RANDBETWEEN(1,4))} -> Appointment | C9: =IF(B9="Appointment","APT",IF(B9="Employee File","EMP",IF(B9="Client Record","C",IF(B9="Invoice","INV"," ")))) -> APT | D9: =TODAY()-RANDBETWEEN(30,365) -> 45929 | E9: {=INDEX({"Completed","Inactive","Expired","Closed Case","Old Record"},RANDBETWEEN(1,5))} -> Closed Case
